{"ticker":{"high":6.95, "low":6.4501, "avg":6.691234882, "vwap":6.668617425, "vol":113312, "last_all":6.69, "last_local":6.69, "last":6.69, "buy":6.6809, "sell":6.69803}}
