{"ticker":{"high":6.95, "low":6.4501, "avg":6.691234882, "vwap":6.668617425, "vol":113312, "last_all":6.70, "last_local":6.70, "last":6.70, "buy":6.6809, "sell":6.70803}}
